0,0016boFyZaRofUFAYfXYTA==,2535,5800000.0
1,008d2RbDuEfP8n5Dc/t20Q==,5906,525944.0
2,0098ADPmbveBTK6nP+cxRA==,3042,6380000.0
3,00b4qBwr1FZJW6zTYLYyQA==,KK41,3993648.0
4,00CC0bunwJX3jgJwycvHvQ==,2321,40600000.0
5,00CC0bunwJX3jgJwycvHvQ==,2446,11600000.0
6,00CC0bunwJX3jgJwycvHvQ==,AW01,46740170.0
7,00EEcEgHkpb6NGcolnAEog==,8913,5164320.0
8,00EEcEgHkpb6NGcolnAEog==,ER11,12029212.0
9,00EEcEgHkpb6NGcolnAEog==,KK41,6962320.0
10,00EEcEgHkpb6NGcolnAEog==,NN83,6200200.0
11,00EEcEgHkpb6NGcolnAEog==,UF56,5991342.0
12,00EEcEgHkpb6NGcolnAEog==,UF57,1793012.0
13,00FmcV87beY8s7OI0Xjtkg==,5704,892910.0
14,00FmcV87beY8s7OI0Xjtkg==,BB39,1524356.0
15,00FmcV87beY8s7OI0Xjtkg==,ED64,1758061.0
16,00FmcV87beY8s7OI0Xjtkg==,JJ15,348000.0
17,00IrxuhcWjiKQPXJDBv2Yg==,2939,174000.0
18,00IrxuhcWjiKQPXJDBv2Yg==,3902,580000.0
19,00IrxuhcWjiKQPXJDBv2Yg==,AA60,290000.0
20,00IrxuhcWjiKQPXJDBv2Yg==,AC18,580000.0
21,00IrxuhcWjiKQPXJDBv2Yg==,AG26,870000.0
22,00IrxuhcWjiKQPXJDBv2Yg==,AG80,1044000.0
23,00IrxuhcWjiKQPXJDBv2Yg==,CCE9,174000.0
24,00IrxuhcWjiKQPXJDBv2Yg==,NNA6,580000.0
25,00IrxuhcWjiKQPXJDBv2Yg==,QQ49,580000.0
26,00lTKmRASDOVClTRY15HIw==,BB61,638000.0
27,00+n1o7tPT6wLoQTsh22Bg==,3721,1645344.0
28,00+n1o7tPT6wLoQTsh22Bg==,AG21,1716220.0
29,00+n1o7tPT6wLoQTsh22Bg==,AG22,1324575.0
30,00+n1o7tPT6wLoQTsh22Bg==,CCE9,1319355.0
31,00nW9C7gUeaLw/iJA4tdIQ==,1207,17400.0
32,00qPHDE+5ykU4RA/Ce18Pw==,3304,29000.0
33,00qPHDE+5ykU4RA/Ce18Pw==,3314,464000.0
34,00qPHDE+5ykU4RA/Ce18Pw==,FE41,1160000.0
35,/00rG/y1/402L1woM8tdmA==,2009,29000.0
36,/00rG/y1/402L1woM8tdmA==,CC03,415650.0
37,00roz6dL8l5Ouk54dlOc9A==,3814,5800000.0
38,00roz6dL8l5Ouk54dlOc9A==,4010,11600000.0
39,00roz6dL8l5Ouk54dlOc9A==,7002,11600000.0
40,00roz6dL8l5Ouk54dlOc9A==,7535,5815828.0
41,00roz6dL8l5Ouk54dlOc9A==,9002,5800000.0
42,00roz6dL8l5Ouk54dlOc9A==,9352,5815834.0
43,00roz6dL8l5Ouk54dlOc9A==,AA39,5800000.0
44,00roz6dL8l5Ouk54dlOc9A==,AG26,638000.0
45,00roz6dL8l5Ouk54dlOc9A==,BP16,5848244.0
46,00roz6dL8l5Ouk54dlOc9A==,ED64,11600000.0
47,00roz6dL8l5Ouk54dlOc9A==,FC85,9077464.0
48,00roz6dL8l5Ouk54dlOc9A==,FE32,7427132.0
49,00roz6dL8l5Ouk54dlOc9A==,FE41,19788092.0
50,00roz6dL8l5Ouk54dlOc9A==,FE42,7427132.0
51,00roz6dL8l5Ouk54dlOc9A==,QQ01,116000.0
52,00Tg2sY1lyLJhuhRBLBdxw==,ED64,2900000.0
53,00U1YXj6U2IJCs4Zvt89/A==,AG21,29000.0
54,00ugL9CAflI4eVOrkUVKDg==,FE41,7881330.0
55,00v36A1a3SJKfxU7VGIJdg==,CCE9,17400.0
56,00V4HkqTppePNvu03lSuVQ==,AA39,655400.0
57,00V4HkqTppePNvu03lSuVQ==,AA66,29000.0
58,00V4HkqTppePNvu03lSuVQ==,BB39,1160000.0
59,00vSt49xWwePrR99Z1C9Eg==,1401,226200.0
60,00vSt49xWwePrR99Z1C9Eg==,AA07,226200.0
61,00vSt49xWwePrR99Z1C9Eg==,AF35,226200.0
62,00vSt49xWwePrR99Z1C9Eg==,CC03,226200.0
63,00vSt49xWwePrR99Z1C9Eg==,CC79,226200.0
64,00XrN8h9fO7SLmDOUQu8DQ==,FE41,5352240.0
65,01A2ky9qZhI5U0QvVrNY1g==,KK04,232000.0
66,01A2ky9qZhI5U0QvVrNY1g==,NN64,900450.0
67,01AcKDR8vbRoEqdxRdVyZA==,BB39,2014804.0
68,01CR9IIi/Iwh7SipOcKqHg==,AF51,411939.0
69,01CR9IIi/Iwh7SipOcKqHg==,AR08,37584.0
70,01CR9IIi/Iwh7SipOcKqHg==,AR26,2091213.0
71,01e7eCaWP7ELXPVuUZEunw==,AG25,385590.0
72,01e7eCaWP7ELXPVuUZEunw==,CC79,321831.0
73,01e7eCaWP7ELXPVuUZEunw==,FC85,1559373.0
74,01e7eCaWP7ELXPVuUZEunw==,FCG1,1310437.0
75,01e7eCaWP7ELXPVuUZEunw==,JJ01,812000.0
76,01e7eCaWP7ELXPVuUZEunw==,KK32,139200.0
77,01e7eCaWP7ELXPVuUZEunw==,KK33,71450.0
78,01e7eCaWP7ELXPVuUZEunw==,UF61,1848106.0
79,01g8gO/R1rNfZCso9ZqQmg==,AV03,17557.0
80,01g8gO/R1rNfZCso9ZqQmg==,BB39,1050960.0
81,01g8gO/R1rNfZCso9ZqQmg==,KK41,1758560.0
82,01GuHZNn7ELgnv9wvz1pbA==,9104,2660820.0
83,01Lm1s/WlVUsm6ss3Tglmg==,3706,29403100.0
84,01Lm1s/WlVUsm6ss3Tglmg==,4934,35032000.0
85,01Lm1s/WlVUsm6ss3Tglmg==,6105,27039600.0
86,01Lm1s/WlVUsm6ss3Tglmg==,NN83,6861562.0
87,01mQe8Ru/IunAXB390RFwA==,1207,17400.0
88,01mqpAcgfPpSIiox3vmmTQ==,FE41,847960.0
89,01O6FlYp44WGkpaQ/dcgFQ==,9002,5800000.0
90,01OQKdQwaxTim701PyllgQ==,AH12,208800.0
91,01OQKdQwaxTim701PyllgQ==,AI19,29000.0
92,01OQKdQwaxTim701PyllgQ==,CCF4,208800.0
93,01OQKdQwaxTim701PyllgQ==,JJ17,208800.0
94,01ovTFcCFSohs7Vm4ZXO2g==,UF51,870000.0
95,01qdK6jcg/co8E78xLbC1Q==,CC88,348000.0
96,01qdK6jcg/co8E78xLbC1Q==,NN64,29000.0
97,01QiR4p/jUh4HDjARnHgUw==,FE41,3683841.0
98,01qKeOPse25/KA5iJ/9mjw==,5905,506688.0
99,01qKeOPse25/KA5iJ/9mjw==,6105,1849040.0
100,01qKeOPse25/KA5iJ/9mjw==,AAB2,216410.0
101,01qKeOPse25/KA5iJ/9mjw==,NN18,1814240.0
102,01QUM4D8zuJpVUTJtieVjw==,KK68,580000.0
103,01QUM4D8zuJpVUTJtieVjw==,KKA8,580000.0
104,01twZD+3LJe3V+5qNkmrNw==,BB39,962464.0
105,01witqY+gixTlhWD0R9yBw==,FE41,1240330.0
106,01y+bQfqgDv4jaKluGNzJg==,2939,191400.0
107,01y+bQfqgDv4jaKluGNzJg==,3304,208800.0
108,01y+bQfqgDv4jaKluGNzJg==,AA39,208800.0
109,01y+bQfqgDv4jaKluGNzJg==,AG23,17400.0
110,01y+bQfqgDv4jaKluGNzJg==,AR04,208800.0
111,01y+bQfqgDv4jaKluGNzJg==,AW01,417600.0
112,01y+bQfqgDv4jaKluGNzJg==,JJ15,208800.0
113,01yzp2H6XdHG70tzwOlZ7Q==,2156,580000.0
114,01yzp2H6XdHG70tzwOlZ7Q==,BB47,87000.0
115,01yzp2H6XdHG70tzwOlZ7Q==,CCA2,580000.0
116,026nGJ8duyo9NnpfqgBsjQ==,NN83,6750202.0
117,028O52W1MWbBpNhgDUeMOQ==,ED64,894360.0
118,029sAG9163AmsG+IzpyV4Q==,BP16,2919488.0
119,02a5OGCnq5hV+RtcRajtyg==,3040,11600000.0
120,02a5OGCnq5hV+RtcRajtyg==,CCE9,29000000.0
121,02a5OGCnq5hV+RtcRajtyg==,KK32,69600000.0
122,02aVGo2t+fOvC5KFRKU2DA==,AV03,17504.0
123,02aVGo2t+fOvC5KFRKU2DA==,JJ05,157917.0
124,02BZPKVAKvFf4M9PExeqbw==,KK04,417600.0
125,02BZPKVAKvFf4M9PExeqbw==,UF51,1935054.0
126,02CaXZAuzf8xYV9y6eM5FA==,NN94,152156.0
127,02CaXZAuzf8xYV9y6eM5FA==,UF60,902016.0
128,02GeiCcAx0l1GwWPM0tVpA==,UF58,2262000.0
129,02i8md3ADHutX0mCdtJWNw==,2156,290000.0
130,02i8md3ADHutX0mCdtJWNw==,6906,586194.0
131,02i8md3ADHutX0mCdtJWNw==,KK41,278400.0
132,02i8md3ADHutX0mCdtJWNw==,NN05,324800.0
133,02i8md3ADHutX0mCdtJWNw==,NN64,34800.0
134,02i8md3ADHutX0mCdtJWNw==,UF51,894070.0
135,02lgP0G8QED0B1bVrbZp5Q==,8906,1169280.0
136,02lgP0G8QED0B1bVrbZp5Q==,9941,1722600.0
137,02lgP0G8QED0B1bVrbZp5Q==,BB51,2030000.0
138,02lgP0G8QED0B1bVrbZp5Q==,FE41,1016926.0
139,02lgP0G8QED0B1bVrbZp5Q==,KK56,383231.0
140,02n+NWCBnGEiAXlrkE7w6A==,AG26,342200.0
141,02SZ1hJrXFvOAlPF9RMCVQ==,FE41,1789880.0
142,02SZ1hJrXFvOAlPF9RMCVQ==,UF69,1789880.0
143,02TBfZT9vl3s8eLK3x9p8w==,8918,3180024.0
144,02V7znhqyxAF8T4cGj35HA==,KK41,2897193.0
145,02V7znhqyxAF8T4cGj35HA==,NN83,744546.0
146,02WaTxFgpcfr6Gw++S8Piw==,2019,29000.0
147,02WaTxFgpcfr6Gw++S8Piw==,AA77,58000.0
148,02WaTxFgpcfr6Gw++S8Piw==,JJ19,34800.0
149,02WaTxFgpcfr6Gw++S8Piw==,KK07,34800.0
150,02WjeOdIRzzbHzB/HPapAg==,1230,2900000.0
151,02wYCJa+FZ51NXzlZx6oBQ==,ED64,2900000.0
152,02XL0uU2iSM+AOmWS8SSOw==,KK32,17400.0
153,02yeSHIQelGH2MpyWWp1JA==,4731,580835.0
154,0356m6UhQHODq6Ny4hIuyQ==,BB46,6542400.0
155,0356m6UhQHODq6Ny4hIuyQ==,FE41,11971780.0
156,03COdmAr6ylFrgzdO+OA/A==,8915,2897065.0
157,03COdmAr6ylFrgzdO+OA/A==,FE41,2900000.0
158,03Djs10tgX2TqafqRcgFDg==,4734,1910869.0
159,03G9yPupg86q4dT9vCIevg==,8913,2540980.0
160,03G9yPupg86q4dT9vCIevg==,FE41,8755100.0
161,03kDEZMEwPN2TpEwR0Klrg==,2602,29000.0
162,03oAsRwG9EttbqNCNYqmkQ==,JJ16,87000.0
163,03oAsRwG9EttbqNCNYqmkQ==,KK41,203000.0
164,03oMoRrbkYV8bBxIkjjbwg==,4019,87000.0
165,03oMoRrbkYV8bBxIkjjbwg==,BB39,174000.0
166,03oMoRrbkYV8bBxIkjjbwg==,BB45,29000.0
167,03oMoRrbkYV8bBxIkjjbwg==,NN37,58000.0
168,03o+r8/wYPLE1nPJzb8Olg==,4722,3502040.0
169,03o+r8/wYPLE1nPJzb8Olg==,4935,3502040.0
170,03o+r8/wYPLE1nPJzb8Olg==,5918,3683798.0
171,03o+r8/wYPLE1nPJzb8Olg==,6105,5305260.0
172,03o+r8/wYPLE1nPJzb8Olg==,8918,5239140.0
173,03o+r8/wYPLE1nPJzb8Olg==,AR04,6198170.0
174,03o+r8/wYPLE1nPJzb8Olg==,CC85,5550600.0
175,03o+r8/wYPLE1nPJzb8Olg==,NN64,560837.0
